[
  {
    "key": "setting1",
    "value": 99,
    "defaultValue": 23,
    "enabled": false
  },
  {
    "key": "setting2",
    "value": 92,
    "defaultValue": 1,
    "enabled": false
  },
  {
    "key": "setting3",
    "value": 52,
    "defaultValue": 11,
    "enabled": false
  },
  {
    "key": "setting4",
    "value": 63,
    "defaultValue": 48,
    "enabled": false
  },
  {
    "key": "setting5",
    "value": 47,
    "defaultValue": 30,
    "enabled": true
  },
  {
    "key": "setting6",
    "value": 84,
    "defaultValue": 1,
    "enabled": true
  },
  {
    "key": "setting7",
    "value": 13,
    "defaultValue": 31,
    "enabled": false
  },
  {
    "key": "setting8",
    "value": 61,
    "defaultValue": 5,
    "enabled": true
  },
  {
    "key": "setting9",
    "value": 39,
    "defaultValue": 7,
    "enabled": true
  },
  {
    "key": "setting10",
    "value": 30,
    "defaultValue": 21,
    "enabled": true
  },
  {
    "key": "setting11",
    "value": 71,
    "defaultValue": 6,
    "enabled": true
  },
  {
    "key": "setting12",
    "value": 79,
    "defaultValue": 20,
    "enabled": true
  },
  {
    "key": "setting13",
    "value": 32,
    "defaultValue": 24,
    "enabled": true
  },
  {
    "key": "setting14",
    "value": 9,
    "defaultValue": 5,
    "enabled": false
  },
  {
    "key": "setting15",
    "value": 22,
    "defaultValue": 23,
    "enabled": false
  },
  {
    "key": "setting16",
    "value": 62,
    "defaultValue": 3,
    "enabled": false
  },
  {
    "key": "setting17",
    "value": 4,
    "defaultValue": 25,
    "enabled": true
  },
  {
    "key": "setting18",
    "value": 81,
    "defaultValue": 25,
    "enabled": true
  },
  {
    "key": "setting19",
    "value": 24,
    "defaultValue": 21,
    "enabled": false
  },
  {
    "key": "setting20",
    "value": 5,
    "defaultValue": 31,
    "enabled": false
  },
  {
    "key": "setting21",
    "value": 46,
    "defaultValue": 28,
    "enabled": true
  },
  {
    "key": "setting22",
    "value": 62,
    "defaultValue": 3,
    "enabled": true
  },
  {
    "key": "setting23",
    "value": 97,
    "defaultValue": 41,
    "enabled": true
  },
  {
    "key": "setting24",
    "value": 64,
    "defaultValue": 1,
    "enabled": true
  },
  {
    "key": "setting25",
    "value": 81,
    "defaultValue": 6,
    "enabled": true
  },
  {
    "key": "setting26",
    "value": 67,
    "defaultValue": 47,
    "enabled": false
  },
  {
    "key": "setting27",
    "value": 0,
    "defaultValue": 6,
    "enabled": true
  },
  {
    "key": "setting28",
    "value": 69,
    "defaultValue": 25,
    "enabled": true
  },
  {
    "key": "setting29",
    "value": 23,
    "defaultValue": 9,
    "enabled": false
  },
  {
    "key": "setting30",
    "value": 7,
    "defaultValue": 25,
    "enabled": true
  },
  {
    "key": "setting31",
    "value": 58,
    "defaultValue": 44,
    "enabled": false
  },
  {
    "key": "setting32",
    "value": 91,
    "defaultValue": 40,
    "enabled": false
  },
  {
    "key": "setting33",
    "value": 65,
    "defaultValue": 27,
    "enabled": true
  },
  {
    "key": "setting34",
    "value": 4,
    "defaultValue": 2,
    "enabled": false
  },
  {
    "key": "setting35",
    "value": 6,
    "defaultValue": 43,
    "enabled": true
  },
  {
    "key": "setting36",
    "value": 22,
    "defaultValue": 28,
    "enabled": true
  },
  {
    "key": "setting37",
    "value": 33,
    "defaultValue": 25,
    "enabled": true
  },
  {
    "key": "setting38",
    "value": 36,
    "defaultValue": 14,
    "enabled": false
  },
  {
    "key": "setting39",
    "value": 0,
    "defaultValue": 5,
    "enabled": true
  },
  {
    "key": "setting40",
    "value": 86,
    "defaultValue": 15,
    "enabled": false
  },
  {
    "key": "setting41",
    "value": 53,
    "defaultValue": 30,
    "enabled": true
  },
  {
    "key": "setting42",
    "value": 67,
    "defaultValue": 30,
    "enabled": false
  },
  {
    "key": "setting43",
    "value": 47,
    "defaultValue": 43,
    "enabled": false
  },
  {
    "key": "setting44",
    "value": 62,
    "defaultValue": 3,
    "enabled": true
  },
  {
    "key": "setting45",
    "value": 71,
    "defaultValue": 6,
    "enabled": false
  },
  {
    "key": "setting46",
    "value": 60,
    "defaultValue": 15,
    "enabled": false
  },
  {
    "key": "setting47",
    "value": 74,
    "defaultValue": 47,
    "enabled": true
  },
  {
    "key": "setting48",
    "value": 33,
    "defaultValue": 5,
    "enabled": true
  },
  {
    "key": "setting49",
    "value": 0,
    "defaultValue": 12,
    "enabled": false
  },
  {
    "key": "setting50",
    "value": 20,
    "defaultValue": 6,
    "enabled": false
  },
  {
    "key": "setting51",
    "value": 3,
    "defaultValue": 44,
    "enabled": true
  },
  {
    "key": "setting52",
    "value": 46,
    "defaultValue": 19,
    "enabled": true
  },
  {
    "key": "setting53",
    "value": 15,
    "defaultValue": 20,
    "enabled": false
  },
  {
    "key": "setting54",
    "value": 30,
    "defaultValue": 32,
    "enabled": true
  },
  {
    "key": "setting55",
    "value": 74,
    "defaultValue": 32,
    "enabled": false
  },
  {
    "key": "setting56",
    "value": 50,
    "defaultValue": 1,
    "enabled": false
  },
  {
    "key": "setting57",
    "value": 39,
    "defaultValue": 32,
    "enabled": false
  },
  {
    "key": "setting58",
    "value": 83,
    "defaultValue": 8,
    "enabled": false
  },
  {
    "key": "setting59",
    "value": 4,
    "defaultValue": 38,
    "enabled": true
  },
  {
    "key": "setting60",
    "value": 86,
    "defaultValue": 17,
    "enabled": true
  },
  {
    "key": "setting61",
    "value": 2,
    "defaultValue": 32,
    "enabled": true
  },
  {
    "key": "setting62",
    "value": 65,
    "defaultValue": 17,
    "enabled": true
  },
  {
    "key": "setting63",
    "value": 14,
    "defaultValue": 17,
    "enabled": false
  },
  {
    "key": "setting64",
    "value": 29,
    "defaultValue": 19,
    "enabled": true
  },
  {
    "key": "setting65",
    "value": 72,
    "defaultValue": 10,
    "enabled": false
  },
  {
    "key": "setting66",
    "value": 17,
    "defaultValue": 25,
    "enabled": true
  },
  {
    "key": "setting67",
    "value": 72,
    "defaultValue": 28,
    "enabled": false
  },
  {
    "key": "setting68",
    "value": 32,
    "defaultValue": 22,
    "enabled": true
  },
  {
    "key": "setting69",
    "value": 71,
    "defaultValue": 5,
    "enabled": true
  },
  {
    "key": "setting70",
    "value": 67,
    "defaultValue": 7,
    "enabled": true
  },
  {
    "key": "setting71",
    "value": 19,
    "defaultValue": 14,
    "enabled": true
  },
  {
    "key": "setting72",
    "value": 59,
    "defaultValue": 4,
    "enabled": false
  },
  {
    "key": "setting73",
    "value": 96,
    "defaultValue": 3,
    "enabled": false
  },
  {
    "key": "setting74",
    "value": 63,
    "defaultValue": 18,
    "enabled": false
  },
  {
    "key": "setting75",
    "value": 54,
    "defaultValue": 9,
    "enabled": false
  },
  {
    "key": "setting76",
    "value": 77,
    "defaultValue": 10,
    "enabled": false
  },
  {
    "key": "setting77",
    "value": 77,
    "defaultValue": 28,
    "enabled": false
  },
  {
    "key": "setting78",
    "value": 23,
    "defaultValue": 0,
    "enabled": false
  },
  {
    "key": "setting79",
    "value": 61,
    "defaultValue": 28,
    "enabled": true
  },
  {
    "key": "setting80",
    "value": 96,
    "defaultValue": 12,
    "enabled": true
  },
  {
    "key": "setting81",
    "value": 11,
    "defaultValue": 22,
    "enabled": false
  },
  {
    "key": "setting82",
    "value": 14,
    "defaultValue": 23,
    "enabled": false
  },
  {
    "key": "setting83",
    "value": 72,
    "defaultValue": 27,
    "enabled": true
  },
  {
    "key": "setting84",
    "value": 2,
    "defaultValue": 4,
    "enabled": false
  },
  {
    "key": "setting85",
    "value": 79,
    "defaultValue": 34,
    "enabled": false
  },
  {
    "key": "setting86",
    "value": 50,
    "defaultValue": 22,
    "enabled": false
  },
  {
    "key": "setting87",
    "value": 56,
    "defaultValue": 17,
    "enabled": true
  },
  {
    "key": "setting88",
    "value": 69,
    "defaultValue": 22,
    "enabled": true
  },
  {
    "key": "setting89",
    "value": 28,
    "defaultValue": 39,
    "enabled": false
  },
  {
    "key": "setting90",
    "value": 15,
    "defaultValue": 14,
    "enabled": false
  },
  {
    "key": "setting91",
    "value": 34,
    "defaultValue": 11,
    "enabled": false
  },
  {
    "key": "setting92",
    "value": 25,
    "defaultValue": 27,
    "enabled": false
  },
  {
    "key": "setting93",
    "value": 46,
    "defaultValue": 42,
    "enabled": true
  },
  {
    "key": "setting94",
    "value": 34,
    "defaultValue": 29,
    "enabled": false
  },
  {
    "key": "setting95",
    "value": 1,
    "defaultValue": 23,
    "enabled": true
  },
  {
    "key": "setting96",
    "value": 41,
    "defaultValue": 32,
    "enabled": false
  },
  {
    "key": "setting97",
    "value": 38,
    "defaultValue": 18,
    "enabled": false
  },
  {
    "key": "setting98",
    "value": 58,
    "defaultValue": 17,
    "enabled": false
  },
  {
    "key": "setting99",
    "value": 33,
    "defaultValue": 49,
    "enabled": false
  },
  {
    "key": "setting100",
    "value": 66,
    "defaultValue": 10,
    "enabled": true
  },
  {
    "key": "setting101",
    "value": 71,
    "defaultValue": 41,
    "enabled": false
  },
  {
    "key": "setting102",
    "value": 84,
    "defaultValue": 44,
    "enabled": false
  },
  {
    "key": "setting103",
    "value": 86,
    "defaultValue": 35,
    "enabled": true
  },
  {
    "key": "setting104",
    "value": 87,
    "defaultValue": 39,
    "enabled": false
  },
  {
    "key": "setting105",
    "value": 83,
    "defaultValue": 33,
    "enabled": true
  },
  {
    "key": "setting106",
    "value": 49,
    "defaultValue": 40,
    "enabled": true
  },
  {
    "key": "setting107",
    "value": 85,
    "defaultValue": 6,
    "enabled": false
  },
  {
    "key": "setting108",
    "value": 27,
    "defaultValue": 7,
    "enabled": true
  },
  {
    "key": "setting109",
    "value": 83,
    "defaultValue": 17,
    "enabled": false
  },
  {
    "key": "setting110",
    "value": 20,
    "defaultValue": 7,
    "enabled": true
  },
  {
    "key": "setting111",
    "value": 5,
    "defaultValue": 4,
    "enabled": false
  },
  {
    "key": "setting112",
    "value": 52,
    "defaultValue": 28,
    "enabled": true
  },
  {
    "key": "setting113",
    "value": 40,
    "defaultValue": 10,
    "enabled": false
  },
  {
    "key": "setting114",
    "value": 56,
    "defaultValue": 22,
    "enabled": true
  },
  {
    "key": "setting115",
    "value": 80,
    "defaultValue": 33,
    "enabled": false
  },
  {
    "key": "setting116",
    "value": 21,
    "defaultValue": 15,
    "enabled": true
  },
  {
    "key": "setting117",
    "value": 7,
    "defaultValue": 16,
    "enabled": false
  },
  {
    "key": "setting118",
    "value": 88,
    "defaultValue": 36,
    "enabled": true
  },
  {
    "key": "setting119",
    "value": 79,
    "defaultValue": 1,
    "enabled": true
  },
  {
    "key": "setting120",
    "value": 72,
    "defaultValue": 23,
    "enabled": false
  },
  {
    "key": "setting121",
    "value": 80,
    "defaultValue": 17,
    "enabled": false
  },
  {
    "key": "setting122",
    "value": 96,
    "defaultValue": 10,
    "enabled": true
  },
  {
    "key": "setting123",
    "value": 70,
    "defaultValue": 46,
    "enabled": false
  },
  {
    "key": "setting124",
    "value": 4,
    "defaultValue": 41,
    "enabled": true
  },
  {
    "key": "setting125",
    "value": 50,
    "defaultValue": 34,
    "enabled": false
  },
  {
    "key": "setting126",
    "value": 16,
    "defaultValue": 40,
    "enabled": true
  },
  {
    "key": "setting127",
    "value": 89,
    "defaultValue": 9,
    "enabled": false
  },
  {
    "key": "setting128",
    "value": 76,
    "defaultValue": 19,
    "enabled": false
  },
  {
    "key": "setting129",
    "value": 23,
    "defaultValue": 24,
    "enabled": false
  },
  {
    "key": "setting130",
    "value": 72,
    "defaultValue": 26,
    "enabled": false
  },
  {
    "key": "setting131",
    "value": 6,
    "defaultValue": 6,
    "enabled": false
  },
  {
    "key": "setting132",
    "value": 34,
    "defaultValue": 44,
    "enabled": false
  },
  {
    "key": "setting133",
    "value": 51,
    "defaultValue": 49,
    "enabled": true
  },
  {
    "key": "setting134",
    "value": 31,
    "defaultValue": 37,
    "enabled": true
  },
  {
    "key": "setting135",
    "value": 33,
    "defaultValue": 12,
    "enabled": false
  },
  {
    "key": "setting136",
    "value": 42,
    "defaultValue": 9,
    "enabled": false
  },
  {
    "key": "setting137",
    "value": 7,
    "defaultValue": 26,
    "enabled": false
  },
  {
    "key": "setting138",
    "value": 90,
    "defaultValue": 31,
    "enabled": true
  },
  {
    "key": "setting139",
    "value": 90,
    "defaultValue": 17,
    "enabled": true
  },
  {
    "key": "setting140",
    "value": 49,
    "defaultValue": 48,
    "enabled": true
  },
  {
    "key": "setting141",
    "value": 21,
    "defaultValue": 29,
    "enabled": true
  },
  {
    "key": "setting142",
    "value": 5,
    "defaultValue": 43,
    "enabled": false
  },
  {
    "key": "setting143",
    "value": 68,
    "defaultValue": 42,
    "enabled": false
  },
  {
    "key": "setting144",
    "value": 73,
    "defaultValue": 2,
    "enabled": true
  },
  {
    "key": "setting145",
    "value": 59,
    "defaultValue": 1,
    "enabled": true
  },
  {
    "key": "setting146",
    "value": 81,
    "defaultValue": 28,
    "enabled": true
  },
  {
    "key": "setting147",
    "value": 19,
    "defaultValue": 19,
    "enabled": true
  },
  {
    "key": "setting148",
    "value": 21,
    "defaultValue": 4,
    "enabled": true
  },
  {
    "key": "setting149",
    "value": 10,
    "defaultValue": 40,
    "enabled": false
  },
  {
    "key": "setting150",
    "value": 26,
    "defaultValue": 42,
    "enabled": false
  },
  {
    "key": "setting151",
    "value": 86,
    "defaultValue": 34,
    "enabled": false
  },
  {
    "key": "setting152",
    "value": 69,
    "defaultValue": 3,
    "enabled": true
  },
  {
    "key": "setting153",
    "value": 25,
    "defaultValue": 46,
    "enabled": true
  },
  {
    "key": "setting154",
    "value": 89,
    "defaultValue": 43,
    "enabled": false
  },
  {
    "key": "setting155",
    "value": 60,
    "defaultValue": 39,
    "enabled": true
  },
  {
    "key": "setting156",
    "value": 35,
    "defaultValue": 43,
    "enabled": false
  },
  {
    "key": "setting157",
    "value": 69,
    "defaultValue": 37,
    "enabled": true
  },
  {
    "key": "setting158",
    "value": 14,
    "defaultValue": 38,
    "enabled": false
  },
  {
    "key": "setting159",
    "value": 41,
    "defaultValue": 7,
    "enabled": false
  },
  {
    "key": "setting160",
    "value": 20,
    "defaultValue": 49,
    "enabled": false
  },
  {
    "key": "setting161",
    "value": 51,
    "defaultValue": 23,
    "enabled": false
  },
  {
    "key": "setting162",
    "value": 0,
    "defaultValue": 46,
    "enabled": false
  },
  {
    "key": "setting163",
    "value": 35,
    "defaultValue": 20,
    "enabled": false
  },
  {
    "key": "setting164",
    "value": 78,
    "defaultValue": 1,
    "enabled": false
  },
  {
    "key": "setting165",
    "value": 72,
    "defaultValue": 11,
    "enabled": true
  },
  {
    "key": "setting166",
    "value": 64,
    "defaultValue": 30,
    "enabled": false
  },
  {
    "key": "setting167",
    "value": 47,
    "defaultValue": 24,
    "enabled": true
  },
  {
    "key": "setting168",
    "value": 57,
    "defaultValue": 8,
    "enabled": true
  },
  {
    "key": "setting169",
    "value": 3,
    "defaultValue": 20,
    "enabled": true
  },
  {
    "key": "setting170",
    "value": 73,
    "defaultValue": 12,
    "enabled": true
  },
  {
    "key": "setting171",
    "value": 3,
    "defaultValue": 13,
    "enabled": true
  },
  {
    "key": "setting172",
    "value": 85,
    "defaultValue": 32,
    "enabled": true
  },
  {
    "key": "setting173",
    "value": 82,
    "defaultValue": 14,
    "enabled": true
  },
  {
    "key": "setting174",
    "value": 81,
    "defaultValue": 32,
    "enabled": true
  },
  {
    "key": "setting175",
    "value": 74,
    "defaultValue": 19,
    "enabled": false
  },
  {
    "key": "setting176",
    "value": 34,
    "defaultValue": 45,
    "enabled": false
  },
  {
    "key": "setting177",
    "value": 14,
    "defaultValue": 36,
    "enabled": true
  },
  {
    "key": "setting178",
    "value": 42,
    "defaultValue": 0,
    "enabled": false
  },
  {
    "key": "setting179",
    "value": 55,
    "defaultValue": 16,
    "enabled": true
  },
  {
    "key": "setting180",
    "value": 14,
    "defaultValue": 12,
    "enabled": false
  },
  {
    "key": "setting181",
    "value": 6,
    "defaultValue": 7,
    "enabled": false
  },
  {
    "key": "setting182",
    "value": 43,
    "defaultValue": 15,
    "enabled": true
  },
  {
    "key": "setting183",
    "value": 12,
    "defaultValue": 34,
    "enabled": true
  },
  {
    "key": "setting184",
    "value": 40,
    "defaultValue": 49,
    "enabled": true
  },
  {
    "key": "setting185",
    "value": 15,
    "defaultValue": 21,
    "enabled": true
  },
  {
    "key": "setting186",
    "value": 40,
    "defaultValue": 5,
    "enabled": false
  },
  {
    "key": "setting187",
    "value": 74,
    "defaultValue": 49,
    "enabled": false
  },
  {
    "key": "setting188",
    "value": 87,
    "defaultValue": 0,
    "enabled": true
  },
  {
    "key": "setting189",
    "value": 68,
    "defaultValue": 25,
    "enabled": true
  },
  {
    "key": "setting190",
    "value": 83,
    "defaultValue": 3,
    "enabled": false
  },
  {
    "key": "setting191",
    "value": 44,
    "defaultValue": 37,
    "enabled": false
  },
  {
    "key": "setting192",
    "value": 89,
    "defaultValue": 17,
    "enabled": false
  },
  {
    "key": "setting193",
    "value": 10,
    "defaultValue": 6,
    "enabled": false
  },
  {
    "key": "setting194",
    "value": 31,
    "defaultValue": 1,
    "enabled": false
  },
  {
    "key": "setting195",
    "value": 79,
    "defaultValue": 24,
    "enabled": false
  },
  {
    "key": "setting196",
    "value": 76,
    "defaultValue": 12,
    "enabled": false
  },
  {
    "key": "setting197",
    "value": 86,
    "defaultValue": 45,
    "enabled": true
  },
  {
    "key": "setting198",
    "value": 8,
    "defaultValue": 23,
    "enabled": true
  },
  {
    "key": "setting199",
    "value": 13,
    "defaultValue": 36,
    "enabled": false
  },
  {
    "key": "setting200",
    "value": 32,
    "defaultValue": 28,
    "enabled": true
  },
  {
    "key": "setting201",
    "value": 46,
    "defaultValue": 42,
    "enabled": true
  },
  {
    "key": "setting202",
    "value": 82,
    "defaultValue": 8,
    "enabled": false
  },
  {
    "key": "setting203",
    "value": 52,
    "defaultValue": 20,
    "enabled": false
  },
  {
    "key": "setting204",
    "value": 12,
    "defaultValue": 0,
    "enabled": true
  },
  {
    "key": "setting205",
    "value": 93,
    "defaultValue": 39,
    "enabled": true
  },
  {
    "key": "setting206",
    "value": 50,
    "defaultValue": 34,
    "enabled": true
  },
  {
    "key": "setting207",
    "value": 1,
    "defaultValue": 8,
    "enabled": true
  },
  {
    "key": "setting208",
    "value": 45,
    "defaultValue": 13,
    "enabled": false
  },
  {
    "key": "setting209",
    "value": 76,
    "defaultValue": 23,
    "enabled": true
  },
  {
    "key": "setting210",
    "value": 67,
    "defaultValue": 9,
    "enabled": false
  },
  {
    "key": "setting211",
    "value": 85,
    "defaultValue": 15,
    "enabled": true
  },
  {
    "key": "setting212",
    "value": 83,
    "defaultValue": 49,
    "enabled": false
  },
  {
    "key": "setting213",
    "value": 79,
    "defaultValue": 17,
    "enabled": false
  },
  {
    "key": "setting214",
    "value": 16,
    "defaultValue": 23,
    "enabled": true
  },
  {
    "key": "setting215",
    "value": 35,
    "defaultValue": 48,
    "enabled": false
  },
  {
    "key": "setting216",
    "value": 78,
    "defaultValue": 29,
    "enabled": true
  },
  {
    "key": "setting217",
    "value": 53,
    "defaultValue": 44,
    "enabled": true
  },
  {
    "key": "setting218",
    "value": 36,
    "defaultValue": 38,
    "enabled": true
  },
  {
    "key": "setting219",
    "value": 31,
    "defaultValue": 1,
    "enabled": false
  },
  {
    "key": "setting220",
    "value": 32,
    "defaultValue": 27,
    "enabled": false
  },
  {
    "key": "setting221",
    "value": 21,
    "defaultValue": 40,
    "enabled": false
  },
  {
    "key": "setting222",
    "value": 78,
    "defaultValue": 25,
    "enabled": false
  },
  {
    "key": "setting223",
    "value": 26,
    "defaultValue": 1,
    "enabled": true
  },
  {
    "key": "setting224",
    "value": 97,
    "defaultValue": 29,
    "enabled": true
  },
  {
    "key": "setting225",
    "value": 99,
    "defaultValue": 25,
    "enabled": true
  },
  {
    "key": "setting226",
    "value": 94,
    "defaultValue": 2,
    "enabled": false
  },
  {
    "key": "setting227",
    "value": 22,
    "defaultValue": 36,
    "enabled": true
  },
  {
    "key": "setting228",
    "value": 10,
    "defaultValue": 11,
    "enabled": true
  },
  {
    "key": "setting229",
    "value": 97,
    "defaultValue": 11,
    "enabled": false
  },
  {
    "key": "setting230",
    "value": 83,
    "defaultValue": 45,
    "enabled": false
  },
  {
    "key": "setting231",
    "value": 42,
    "defaultValue": 0,
    "enabled": false
  },
  {
    "key": "setting232",
    "value": 39,
    "defaultValue": 27,
    "enabled": false
  },
  {
    "key": "setting233",
    "value": 22,
    "defaultValue": 30,
    "enabled": false
  },
  {
    "key": "setting234",
    "value": 94,
    "defaultValue": 30,
    "enabled": true
  },
  {
    "key": "setting235",
    "value": 79,
    "defaultValue": 5,
    "enabled": true
  },
  {
    "key": "setting236",
    "value": 7,
    "defaultValue": 8,
    "enabled": false
  },
  {
    "key": "setting237",
    "value": 15,
    "defaultValue": 5,
    "enabled": false
  },
  {
    "key": "setting238",
    "value": 87,
    "defaultValue": 40,
    "enabled": true
  },
  {
    "key": "setting239",
    "value": 31,
    "defaultValue": 25,
    "enabled": false
  },
  {
    "key": "setting240",
    "value": 20,
    "defaultValue": 42,
    "enabled": false
  },
  {
    "key": "setting241",
    "value": 23,
    "defaultValue": 46,
    "enabled": true
  },
  {
    "key": "setting242",
    "value": 68,
    "defaultValue": 6,
    "enabled": true
  },
  {
    "key": "setting243",
    "value": 32,
    "defaultValue": 18,
    "enabled": false
  },
  {
    "key": "setting244",
    "value": 33,
    "defaultValue": 31,
    "enabled": true
  },
  {
    "key": "setting245",
    "value": 18,
    "defaultValue": 43,
    "enabled": false
  },
  {
    "key": "setting246",
    "value": 54,
    "defaultValue": 37,
    "enabled": false
  },
  {
    "key": "setting247",
    "value": 87,
    "defaultValue": 37,
    "enabled": false
  },
  {
    "key": "setting248",
    "value": 64,
    "defaultValue": 40,
    "enabled": false
  },
  {
    "key": "setting249",
    "value": 9,
    "defaultValue": 23,
    "enabled": false
  },
  {
    "key": "setting250",
    "value": 63,
    "defaultValue": 47,
    "enabled": true
  },
  {
    "key": "setting251",
    "value": 80,
    "defaultValue": 20,
    "enabled": false
  },
  {
    "key": "setting252",
    "value": 63,
    "defaultValue": 2,
    "enabled": true
  },
  {
    "key": "setting253",
    "value": 71,
    "defaultValue": 43,
    "enabled": true
  },
  {
    "key": "setting254",
    "value": 61,
    "defaultValue": 41,
    "enabled": true
  },
  {
    "key": "setting255",
    "value": 22,
    "defaultValue": 11,
    "enabled": true
  },
  {
    "key": "setting256",
    "value": 40,
    "defaultValue": 24,
    "enabled": true
  },
  {
    "key": "setting257",
    "value": 69,
    "defaultValue": 2,
    "enabled": false
  },
  {
    "key": "setting258",
    "value": 16,
    "defaultValue": 47,
    "enabled": false
  },
  {
    "key": "setting259",
    "value": 36,
    "defaultValue": 40,
    "enabled": true
  },
  {
    "key": "setting260",
    "value": 96,
    "defaultValue": 33,
    "enabled": true
  },
  {
    "key": "setting261",
    "value": 28,
    "defaultValue": 43,
    "enabled": false
  },
  {
    "key": "setting262",
    "value": 71,
    "defaultValue": 40,
    "enabled": false
  },
  {
    "key": "setting263",
    "value": 58,
    "defaultValue": 24,
    "enabled": false
  },
  {
    "key": "setting264",
    "value": 94,
    "defaultValue": 38,
    "enabled": true
  },
  {
    "key": "setting265",
    "value": 33,
    "defaultValue": 9,
    "enabled": false
  },
  {
    "key": "setting266",
    "value": 31,
    "defaultValue": 5,
    "enabled": false
  },
  {
    "key": "setting267",
    "value": 42,
    "defaultValue": 16,
    "enabled": false
  },
  {
    "key": "setting268",
    "value": 17,
    "defaultValue": 33,
    "enabled": true
  },
  {
    "key": "setting269",
    "value": 38,
    "defaultValue": 47,
    "enabled": false
  },
  {
    "key": "setting270",
    "value": 71,
    "defaultValue": 27,
    "enabled": true
  },
  {
    "key": "setting271",
    "value": 96,
    "defaultValue": 15,
    "enabled": false
  },
  {
    "key": "setting272",
    "value": 43,
    "defaultValue": 49,
    "enabled": false
  },
  {
    "key": "setting273",
    "value": 44,
    "defaultValue": 34,
    "enabled": true
  },
  {
    "key": "setting274",
    "value": 37,
    "defaultValue": 5,
    "enabled": false
  },
  {
    "key": "setting275",
    "value": 58,
    "defaultValue": 2,
    "enabled": true
  },
  {
    "key": "setting276",
    "value": 92,
    "defaultValue": 22,
    "enabled": true
  },
  {
    "key": "setting277",
    "value": 99,
    "defaultValue": 7,
    "enabled": true
  },
  {
    "key": "setting278",
    "value": 74,
    "defaultValue": 21,
    "enabled": false
  },
  {
    "key": "setting279",
    "value": 92,
    "defaultValue": 26,
    "enabled": true
  },
  {
    "key": "setting280",
    "value": 51,
    "defaultValue": 15,
    "enabled": true
  },
  {
    "key": "setting281",
    "value": 79,
    "defaultValue": 4,
    "enabled": false
  },
  {
    "key": "setting282",
    "value": 41,
    "defaultValue": 45,
    "enabled": false
  },
  {
    "key": "setting283",
    "value": 67,
    "defaultValue": 6,
    "enabled": true
  },
  {
    "key": "setting284",
    "value": 37,
    "defaultValue": 46,
    "enabled": false
  },
  {
    "key": "setting285",
    "value": 68,
    "defaultValue": 22,
    "enabled": false
  },
  {
    "key": "setting286",
    "value": 77,
    "defaultValue": 35,
    "enabled": false
  },
  {
    "key": "setting287",
    "value": 59,
    "defaultValue": 40,
    "enabled": false
  },
  {
    "key": "setting288",
    "value": 5,
    "defaultValue": 25,
    "enabled": false
  },
  {
    "key": "setting289",
    "value": 7,
    "defaultValue": 25,
    "enabled": true
  },
  {
    "key": "setting290",
    "value": 11,
    "defaultValue": 5,
    "enabled": true
  },
  {
    "key": "setting291",
    "value": 68,
    "defaultValue": 47,
    "enabled": false
  },
  {
    "key": "setting292",
    "value": 56,
    "defaultValue": 12,
    "enabled": false
  },
  {
    "key": "setting293",
    "value": 41,
    "defaultValue": 47,
    "enabled": false
  },
  {
    "key": "setting294",
    "value": 28,
    "defaultValue": 7,
    "enabled": false
  },
  {
    "key": "setting295",
    "value": 85,
    "defaultValue": 3,
    "enabled": false
  },
  {
    "key": "setting296",
    "value": 63,
    "defaultValue": 34,
    "enabled": true
  },
  {
    "key": "setting297",
    "value": 61,
    "defaultValue": 29,
    "enabled": false
  },
  {
    "key": "setting298",
    "value": 0,
    "defaultValue": 23,
    "enabled": false
  },
  {
    "key": "setting299",
    "value": 34,
    "defaultValue": 35,
    "enabled": false
  },
  {
    "key": "setting300",
    "value": 95,
    "defaultValue": 34,
    "enabled": false
  },
  {
    "key": "setting301",
    "value": 18,
    "defaultValue": 41,
    "enabled": true
  },
  {
    "key": "setting302",
    "value": 37,
    "defaultValue": 37,
    "enabled": false
  },
  {
    "key": "setting303",
    "value": 37,
    "defaultValue": 21,
    "enabled": false
  },
  {
    "key": "setting304",
    "value": 15,
    "defaultValue": 3,
    "enabled": true
  },
  {
    "key": "setting305",
    "value": 51,
    "defaultValue": 40,
    "enabled": true
  },
  {
    "key": "setting306",
    "value": 9,
    "defaultValue": 39,
    "enabled": false
  },
  {
    "key": "setting307",
    "value": 47,
    "defaultValue": 30,
    "enabled": false
  },
  {
    "key": "setting308",
    "value": 28,
    "defaultValue": 17,
    "enabled": true
  },
  {
    "key": "setting309",
    "value": 51,
    "defaultValue": 41,
    "enabled": false
  },
  {
    "key": "setting310",
    "value": 73,
    "defaultValue": 43,
    "enabled": false
  },
  {
    "key": "setting311",
    "value": 14,
    "defaultValue": 40,
    "enabled": true
  },
  {
    "key": "setting312",
    "value": 88,
    "defaultValue": 25,
    "enabled": true
  },
  {
    "key": "setting313",
    "value": 40,
    "defaultValue": 2,
    "enabled": false
  },
  {
    "key": "setting314",
    "value": 16,
    "defaultValue": 21,
    "enabled": true
  },
  {
    "key": "setting315",
    "value": 32,
    "defaultValue": 17,
    "enabled": false
  },
  {
    "key": "setting316",
    "value": 33,
    "defaultValue": 39,
    "enabled": false
  },
  {
    "key": "setting317",
    "value": 23,
    "defaultValue": 26,
    "enabled": true
  },
  {
    "key": "setting318",
    "value": 82,
    "defaultValue": 3,
    "enabled": true
  },
  {
    "key": "setting319",
    "value": 1,
    "defaultValue": 1,
    "enabled": true
  },
  {
    "key": "setting320",
    "value": 46,
    "defaultValue": 40,
    "enabled": false
  },
  {
    "key": "setting321",
    "value": 29,
    "defaultValue": 47,
    "enabled": false
  },
  {
    "key": "setting322",
    "value": 14,
    "defaultValue": 44,
    "enabled": false
  },
  {
    "key": "setting323",
    "value": 74,
    "defaultValue": 20,
    "enabled": true
  },
  {
    "key": "setting324",
    "value": 90,
    "defaultValue": 20,
    "enabled": false
  },
  {
    "key": "setting325",
    "value": 96,
    "defaultValue": 46,
    "enabled": false
  },
  {
    "key": "setting326",
    "value": 10,
    "defaultValue": 18,
    "enabled": true
  },
  {
    "key": "setting327",
    "value": 35,
    "defaultValue": 0,
    "enabled": false
  },
  {
    "key": "setting328",
    "value": 92,
    "defaultValue": 49,
    "enabled": false
  },
  {
    "key": "setting329",
    "value": 36,
    "defaultValue": 15,
    "enabled": false
  },
  {
    "key": "setting330",
    "value": 49,
    "defaultValue": 29,
    "enabled": true
  },
  {
    "key": "setting331",
    "value": 82,
    "defaultValue": 48,
    "enabled": false
  },
  {
    "key": "setting332",
    "value": 74,
    "defaultValue": 45,
    "enabled": false
  },
  {
    "key": "setting333",
    "value": 58,
    "defaultValue": 42,
    "enabled": true
  },
  {
    "key": "setting334",
    "value": 40,
    "defaultValue": 47,
    "enabled": true
  },
  {
    "key": "setting335",
    "value": 45,
    "defaultValue": 26,
    "enabled": true
  },
  {
    "key": "setting336",
    "value": 21,
    "defaultValue": 34,
    "enabled": false
  },
  {
    "key": "setting337",
    "value": 90,
    "defaultValue": 0,
    "enabled": true
  },
  {
    "key": "setting338",
    "value": 25,
    "defaultValue": 46,
    "enabled": true
  },
  {
    "key": "setting339",
    "value": 23,
    "defaultValue": 9,
    "enabled": true
  },
  {
    "key": "setting340",
    "value": 99,
    "defaultValue": 37,
    "enabled": true
  },
  {
    "key": "setting341",
    "value": 17,
    "defaultValue": 20,
    "enabled": false
  },
  {
    "key": "setting342",
    "value": 61,
    "defaultValue": 2,
    "enabled": false
  },
  {
    "key": "setting343",
    "value": 64,
    "defaultValue": 17,
    "enabled": false
  },
  {
    "key": "setting344",
    "value": 24,
    "defaultValue": 36,
    "enabled": false
  },
  {
    "key": "setting345",
    "value": 19,
    "defaultValue": 23,
    "enabled": true
  },
  {
    "key": "setting346",
    "value": 23,
    "defaultValue": 3,
    "enabled": false
  },
  {
    "key": "setting347",
    "value": 41,
    "defaultValue": 32,
    "enabled": true
  },
  {
    "key": "setting348",
    "value": 65,
    "defaultValue": 19,
    "enabled": true
  },
  {
    "key": "setting349",
    "value": 81,
    "defaultValue": 21,
    "enabled": true
  },
  {
    "key": "setting350",
    "value": 95,
    "defaultValue": 32,
    "enabled": true
  },
  {
    "key": "setting351",
    "value": 49,
    "defaultValue": 17,
    "enabled": true
  },
  {
    "key": "setting352",
    "value": 4,
    "defaultValue": 21,
    "enabled": true
  },
  {
    "key": "setting353",
    "value": 74,
    "defaultValue": 47,
    "enabled": false
  },
  {
    "key": "setting354",
    "value": 24,
    "defaultValue": 4,
    "enabled": false
  },
  {
    "key": "setting355",
    "value": 89,
    "defaultValue": 24,
    "enabled": true
  },
  {
    "key": "setting356",
    "value": 99,
    "defaultValue": 3,
    "enabled": true
  },
  {
    "key": "setting357",
    "value": 98,
    "defaultValue": 32,
    "enabled": false
  },
  {
    "key": "setting358",
    "value": 76,
    "defaultValue": 2,
    "enabled": false
  },
  {
    "key": "setting359",
    "value": 56,
    "defaultValue": 42,
    "enabled": true
  },
  {
    "key": "setting360",
    "value": 2,
    "defaultValue": 26,
    "enabled": false
  },
  {
    "key": "setting361",
    "value": 42,
    "defaultValue": 13,
    "enabled": true
  },
  {
    "key": "setting362",
    "value": 5,
    "defaultValue": 21,
    "enabled": true
  },
  {
    "key": "setting363",
    "value": 65,
    "defaultValue": 37,
    "enabled": false
  },
  {
    "key": "setting364",
    "value": 3,
    "defaultValue": 18,
    "enabled": false
  },
  {
    "key": "setting365",
    "value": 91,
    "defaultValue": 12,
    "enabled": true
  },
  {
    "key": "setting366",
    "value": 86,
    "defaultValue": 3,
    "enabled": true
  },
  {
    "key": "setting367",
    "value": 82,
    "defaultValue": 13,
    "enabled": true
  },
  {
    "key": "setting368",
    "value": 98,
    "defaultValue": 30,
    "enabled": true
  },
  {
    "key": "setting369",
    "value": 89,
    "defaultValue": 10,
    "enabled": false
  },
  {
    "key": "setting370",
    "value": 51,
    "defaultValue": 17,
    "enabled": false
  },
  {
    "key": "setting371",
    "value": 12,
    "defaultValue": 27,
    "enabled": true
  },
  {
    "key": "setting372",
    "value": 17,
    "defaultValue": 3,
    "enabled": true
  },
  {
    "key": "setting373",
    "value": 43,
    "defaultValue": 8,
    "enabled": false
  },
  {
    "key": "setting374",
    "value": 22,
    "defaultValue": 3,
    "enabled": false
  },
  {
    "key": "setting375",
    "value": 19,
    "defaultValue": 39,
    "enabled": true
  },
  {
    "key": "setting376",
    "value": 11,
    "defaultValue": 44,
    "enabled": true
  },
  {
    "key": "setting377",
    "value": 6,
    "defaultValue": 17,
    "enabled": true
  },
  {
    "key": "setting378",
    "value": 52,
    "defaultValue": 23,
    "enabled": false
  },
  {
    "key": "setting379",
    "value": 13,
    "defaultValue": 30,
    "enabled": false
  },
  {
    "key": "setting380",
    "value": 42,
    "defaultValue": 33,
    "enabled": true
  },
  {
    "key": "setting381",
    "value": 70,
    "defaultValue": 23,
    "enabled": true
  },
  {
    "key": "setting382",
    "value": 17,
    "defaultValue": 15,
    "enabled": false
  },
  {
    "key": "setting383",
    "value": 67,
    "defaultValue": 43,
    "enabled": true
  },
  {
    "key": "setting384",
    "value": 46,
    "defaultValue": 4,
    "enabled": true
  },
  {
    "key": "setting385",
    "value": 61,
    "defaultValue": 42,
    "enabled": false
  },
  {
    "key": "setting386",
    "value": 87,
    "defaultValue": 10,
    "enabled": true
  },
  {
    "key": "setting387",
    "value": 59,
    "defaultValue": 23,
    "enabled": true
  },
  {
    "key": "setting388",
    "value": 72,
    "defaultValue": 39,
    "enabled": false
  },
  {
    "key": "setting389",
    "value": 89,
    "defaultValue": 3,
    "enabled": true
  },
  {
    "key": "setting390",
    "value": 5,
    "defaultValue": 21,
    "enabled": false
  },
  {
    "key": "setting391",
    "value": 21,
    "defaultValue": 24,
    "enabled": false
  },
  {
    "key": "setting392",
    "value": 43,
    "defaultValue": 38,
    "enabled": true
  },
  {
    "key": "setting393",
    "value": 6,
    "defaultValue": 26,
    "enabled": true
  },
  {
    "key": "setting394",
    "value": 38,
    "defaultValue": 9,
    "enabled": false
  },
  {
    "key": "setting395",
    "value": 21,
    "defaultValue": 43,
    "enabled": true
  },
  {
    "key": "setting396",
    "value": 36,
    "defaultValue": 25,
    "enabled": true
  },
  {
    "key": "setting397",
    "value": 8,
    "defaultValue": 2,
    "enabled": true
  }
]